sale_id,customer_id,product_id,sale_date,quantity,total,Total Revenue
89,39,12,2024-01-01,10,418.95,4189.5
195,241,9,2024-01-01,2,496.23,992.46
180,78,8,2024-01-03,2,911.95,1823.9
33,255,31,2024-01-03,7,974.48,6821.360000000001
37,259,48,2024-01-03,10,999.95,9999.5
91,21,15,2024-01-03,3,460.45,1381.35
68,126,50,2024-01-03,10,516.73,5167.3
20,100,18,2024-01-05,1,531.95,531.95
59,156,33,2024-01-05,6,612.01,3672.06
169,144,41,2024-01-06,5,987.22,4936.1
146,259,49,2024-01-07,6,476.24,2857.44
108,4,26,2024-01-07,4,796.06,3184.24
94,126,45,2024-01-07,2,698.2,1396.4
71,14,4,2024-01-09,3,113.38,340.14
127,11,3,2024-01-12,5,239.39,1196.9499999999998
97,173,13,2024-01-13,1,859.93,859.93
15,131,48,2024-01-14,8,180.49,1443.92
172,66,17,2024-01-17,2,55.0,110.0
43,198,23,2024-01-17,2,943.99,1887.98
36,142,3,2024-01-19,10,811.4,8114.0
115,278,1,2024-01-20,1,107.98,107.98
138,181,39,2024-01-22,7,577.75,4044.25
18,248,27,2024-01-25,8,492.38,3939.04
64,212,2,2024-01-25,7,843.39,5903.73
45,231,10,2024-01-26,2,123.81,247.62
75,245,28,2024-01-26,4,889.69,3558.76
158,178,24,2024-01-28,3,644.57,1933.71
114,291,17,2024-01-29,9,171.96,1547.64
168,236,34,2024-01-30,3,414.14,1242.42
190,234,25,2024-01-31,9,542.62,4883.58
116,37,39,2024-02-01,2,579.85,1159.7
106,190,30,2024-02-02,1,988.8,988.8
38,125,46,2024-02-02,3,995.29,2985.87
165,118,30,2024-02-03,4,644.35,2577.4
149,127,28,2024-02-03,3,654.67,1964.01
163,55,29,2024-02-04,6,450.6,2703.6000000000004
177,201,12,2024-02-05,2,381.39,762.78
56,128,24,2024-02-05,1,347.02,347.02
74,77,8,2024-02-05,10,177.16,1771.6
88,223,35,2024-02-07,6,304.97,1829.82
171,113,11,2024-02-08,7,235.72,1650.04
200,73,44,2024-02-09,2,963.23,1926.46
142,3,12,2024-02-09,3,62.92,188.76
57,235,4,2024-02-09,10,616.04,6160.4
29,252,32,2024-02-09,1,334.48,334.48
99,114,35,2024-02-10,10,283.58,2835.8
122,195,10,2024-02-10,3,355.17,1065.51
128,81,41,2024-02-10,10,148.76,1487.6
72,125,47,2024-02-13,3,376.66,1129.98
131,221,31,2024-02-13,8,582.09,4656.72
46,44,8,2024-02-13,9,59.4,534.6
93,204,33,2024-02-14,8,813.1,6504.8
159,79,18,2024-02-14,4,645.24,2580.96
28,176,5,2024-02-15,7,964.09,6748.63
51,107,6,2024-02-16,8,339.08,2712.64
55,65,35,2024-02-16,5,50.16,250.8
117,66,21,2024-02-17,5,858.21,4291.05
144,76,11,2024-02-18,5,47.59,237.95
101,19,16,2024-02-19,5,360.4,1802.0
179,286,1,2024-02-19,3,126.38,379.14
34,290,43,2024-02-19,6,148.23,889.3799999999999
62,283,27,2024-02-20,6,585.05,3510.3
96,173,19,2024-02-20,8,68.33,546.64
104,3,17,2024-02-20,7,272.29,1906.03
161,230,11,2024-02-21,2,195.19,390.38
47,169,35,2024-02-22,10,995.31,9953.1
148,161,30,2024-02-22,6,862.34,5174.04
6,119,46,2024-02-23,5,124.71,623.55
54,154,3,2024-02-25,6,772.17,4633.02
145,7,8,2024-02-26,8,77.75,622.0
157,145,31,2024-02-27,8,65.38,523.04
186,80,13,2024-02-29,4,867.73,3470.92
42,157,21,2024-03-01,7,873.78,6116.46
82,150,2,2024-03-03,7,99.68,697.76
191,18,35,2024-03-06,9,448.75,4038.75
126,110,47,2024-03-07,2,85.3,170.6
199,168,20,2024-03-08,4,187.1,748.4
102,244,23,2024-03-08,3,530.62,1591.86
154,147,6,2024-03-09,1,354.14,354.14
41,191,2,2024-03-10,10,120.69,1206.9
9,25,29,2024-03-11,3,613.55,1840.65
21,19,36,2024-03-11,6,434.21,2605.26
121,286,6,2024-03-15,3,270.35,811.0500000000001
123,113,48,2024-03-15,9,357.93,3221.37
192,151,46,2024-03-16,10,921.61,9216.1
197,259,44,2024-03-16,3,821.8,2465.4
120,244,36,2024-03-18,5,286.23,1431.15
147,82,2,2024-03-19,2,914.47,1828.94
90,184,26,2024-03-20,2,612.57,1225.14
95,7,22,2024-03-21,3,562.44,1687.3200000000002
92,125,41,2024-03-21,7,806.07,5642.490000000001
109,300,45,2024-03-22,7,860.58,6024.06
58,182,41,2024-03-23,10,22.67,226.7
176,108,16,2024-03-24,9,95.35,858.15
52,238,39,2024-03-25,1,374.77,374.77
181,87,22,2024-03-27,10,54.65,546.5
173,175,31,2024-03-28,4,869.39,3477.56
150,263,28,2024-03-29,5,17.74,88.69999999999999
16,191,14,2024-03-29,8,375.51,3004.08
130,55,45,2024-03-29,9,567.32,5105.88
198,147,30,2024-03-31,1,974.88,974.88
26,283,44,2024-04-01,9,431.36,3882.24
105,104,34,2024-04-01,5,767.14,3835.7
170,93,6,2024-04-03,7,893.96,6257.72
14,220,17,2024-04-04,6,790.6,4743.6
49,145,6,2024-04-04,3,331.92,995.76
112,249,40,2024-04-04,1,201.44,201.44
40,257,15,2024-04-06,3,227.17,681.51
61,289,19,2024-04-07,8,670.4,5363.2
135,77,3,2024-04-11,7,799.23,5594.610000000001
118,139,37,2024-04-11,10,669.1,6691.0
107,287,18,2024-04-12,2,703.47,1406.94
31,221,21,2024-04-12,10,920.11,9201.1
84,216,16,2024-04-14,9,876.65,7889.849999999999
65,191,14,2024-04-16,8,590.09,4720.72
32,38,34,2024-04-16,2,768.8,1537.6
50,261,5,2024-04-18,10,470.73,4707.3
151,13,10,2024-04-18,3,149.09,447.27
7,47,20,2024-04-19,8,202.81,1622.48
44,212,2,2024-04-19,5,880.32,4401.6
139,207,12,2024-04-20,9,445.6,4010.4
188,22,43,2024-04-21,9,100.46,904.14
183,115,32,2024-04-21,9,206.2,1855.8
60,282,15,2024-04-22,4,533.86,2135.44
5,75,26,2024-04-22,5,279.98,1399.9
12,220,32,2024-04-24,2,352.27,704.54
155,107,19,2024-04-24,4,16.46,65.84
23,37,49,2024-04-26,1,818.76,818.76
193,111,44,2024-04-26,9,927.05,8343.449999999999
152,209,1,2024-04-27,2,500.27,1000.54
2,170,27,2024-04-28,7,772.36,5406.52
196,55,45,2024-04-29,8,857.82,6862.56
85,44,29,2024-04-29,1,263.76,263.76
80,216,41,2024-04-29,9,986.79,8881.11
81,43,49,2024-04-30,9,945.85,8512.65
3,155,35,2024-04-30,8,748.28,5986.24
156,95,24,2024-04-30,9,860.9,7748.099999999999
66,34,21,2024-04-30,2,191.66,383.32
125,239,36,2024-04-30,2,604.97,1209.94
194,10,13,2024-05-02,8,992.13,7937.04
98,209,39,2024-05-02,8,533.71,4269.68
110,53,48,2024-05-05,1,239.72,239.72
13,264,13,2024-05-05,4,747.37,2989.48
182,65,35,2024-05-06,1,926.28,926.28
103,82,33,2024-05-07,2,859.31,1718.62
73,223,21,2024-05-09,1,273.18,273.18
129,18,46,2024-05-09,3,507.5,1522.5
39,189,25,2024-05-11,3,779.92,2339.76
164,176,39,2024-05-12,8,654.44,5235.52
100,49,46,2024-05-13,8,289.24,2313.92
174,49,17,2024-05-16,1,710.29,710.29
178,91,27,2024-05-16,10,464.34,4643.4
27,109,45,2024-05-17,10,871.39,8713.9
79,27,29,2024-05-19,6,713.84,4283.04
22,173,26,2024-05-19,6,835.08,5010.4800000000005
8,18,44,2024-05-20,7,441.34,3089.38
119,59,22,2024-05-20,8,109.32,874.56
167,144,6,2024-05-22,2,759.88,1519.76
113,201,48,2024-05-22,4,925.66,3702.64
175,50,27,2024-05-22,8,902.06,7216.48
111,169,26,2024-05-23,5,72.54,362.7000000000001
166,17,43,2024-05-23,8,148.8,1190.4
78,238,33,2024-05-23,10,350.64,3506.4
10,171,9,2024-05-25,5,424.82,2124.1
133,187,27,2024-05-26,6,689.78,4138.68
87,211,29,2024-05-28,6,203.72,1222.32
63,172,46,2024-05-28,9,314.57,2831.13
53,140,35,2024-05-28,3,783.46,2350.38
162,86,18,2024-05-28,2,164.25,328.5
69,176,37,2024-05-29,2,733.55,1467.1
19,139,27,2024-05-30,7,396.48,2775.36
17,189,42,2024-05-31,4,174.46,697.84
184,56,14,2024-05-31,10,888.27,8882.7
83,132,45,2024-06-01,8,913.74,7309.92
11,258,27,2024-06-01,8,233.56,1868.48
124,103,3,2024-06-03,9,228.03,2052.27
4,91,50,2024-06-04,2,626.3,1252.6
189,166,9,2024-06-07,5,213.86,1069.3000000000002
76,26,19,2024-06-07,1,961.61,961.61
187,229,23,2024-06-07,6,330.82,1984.92
140,210,29,2024-06-08,1,952.92,952.92
86,247,31,2024-06-09,10,593.91,5939.099999999999
153,64,37,2024-06-10,4,770.34,3081.36
160,283,49,2024-06-11,7,934.67,6542.69
24,9,13,2024-06-11,5,253.78,1268.9
143,38,46,2024-06-12,5,72.66,363.3
25,39,25,2024-06-12,1,976.17,976.17
1,296,46,2024-06-13,4,252.64,1010.56
132,71,38,2024-06-15,2,686.95,1373.9
141,96,21,2024-06-15,1,321.12,321.12
48,150,49,2024-06-16,3,632.72,1898.16
77,294,17,2024-06-16,5,263.47,1317.35
30,163,36,2024-06-16,2,294.91,589.82
136,47,41,2024-06-17,6,30.07,180.42
185,154,41,2024-06-18,3,793.59,2380.77
35,168,36,2024-06-18,8,559.88,4479.04
67,202,30,2024-06-18,4,725.22,2900.88
70,58,1,2024-06-18,7,139.6,977.2
134,245,15,2024-06-19,6,133.28,799.6800000000001
137,4,44,2024-06-19,7,608.18,4257.259999999999
